{"cameraMode":{"drawMode":0,"name":"Shaded","section":"Shading Mode"},"sceneLighting":false,"audioPlay":false,"sceneViewState":{"m_AlwaysRefresh":false,"showFog":true,"showSkybox":false,"showFlares":true,"showImageEffects":true,"showParticleSystems":true,"showVisualEffectGraphs":true,"m_FxEnabled":true},"in2DMode":false,"pivot":{"x":-3.6097068786621095,"y":-3.9736459255218508,"z":-12.460787773132325},"rotation":{"x":-0.014532689936459065,"y":0.9501135945320129,"z":-0.3083431124687195,"w":-0.04478275403380394},"size":1.0327515602111817,"orthographic":false}